app	id	token	state	updateTime
budgetpilot	15886593282367650958	token3	COMPLETED	2026-04-18T17:42:43.427327Z
ghostwriter	11944992533179204940	token3	FAILED	2026-04-18T18:13:34.986701Z
invoiceprocessor	4518192338480615669	token3	COMPLETED	2026-04-18T17:42:22.653386Z
jobcraftai	8897805114648322438	token3	COMPLETED	2026-04-18T18:10:15.908879Z
seointelligence	16707678836168718622	token3	COMPLETED	2026-04-18T17:42:07.124681Z
videonarrator	718683161751977503	token3	IN_PROGRESS	2026-04-18T18:39:38.471795Z
securitypulse	5700557582738563198	token3	COMPLETED	2026-04-18T18:23:56.962382Z
supportintelligence	5951696224690940275	token3	COMPLETED	2026-04-18T18:30:37.579855Z
auditready	6132724446338429562	token3	FAILED	2026-04-18T18:26:35.067062Z
constructioniq	12484009687715377415	token3	COMPLETED	2026-04-18T17:52:39.051668Z
contentos	2001629973236646309	token3	COMPLETED	2026-04-18T17:49:58.897524Z
dependencyradar	10476145740205165805	token3	COMPLETED	2026-04-18T17:51:13.874837Z
licenseguard	3647109380060510914	token3	COMPLETED	2026-04-18T17:45:35.820164Z
nexus-hub	11067458382281526585	token3	COMPLETED	2026-04-18T18:40:12.428062Z
policyforge	2651947589372957447	token3	COMPLETED	2026-04-18T18:27:00.585807Z
dataqualityai	9167562134944026423	token3	COMPLETED	2026-04-18T18:03:58.126799Z
deploysignal	3397430458721580045	token3	COMPLETED	2026-04-18T17:56:42.222081Z
goaltracker	6937620421666913542	token3	COMPLETED	2026-04-18T18:34:33.517983Z
cashflowanalyzer	4900140116319403212	token1	IN_PROGRESS	2026-04-18T18:38:50.372338Z
complianceradar	13478445033015374620	token1	IN_PROGRESS	2026-04-18T18:38:47.935612Z
copyoptimizer	4266424115610592406	token1	IN_PROGRESS	2026-04-18T18:38:21.956336Z
financenarrator	3328692350475125981	token1	COMPLETED	2026-04-18T18:37:13.964268Z
legalresearch	2404178606070926527	token1	IN_PROGRESS	2026-04-18T18:38:37.209940Z
performancenarrative	8803006588688803416	token1	COMPLETED	2026-04-18T18:21:21.346655Z
regulatoryfiling	11787127804330841378	token1	COMPLETED	2026-04-18T18:09:25.543917Z
cashflowai	16377395713177902081	token1	IN_PROGRESS	2026-04-18T18:38:33.218539Z
compbenchmark	12532375663862634938	token1	IN_PROGRESS	2026-04-18T18:38:51.282831Z
contractportfolio	531065711287280895	token1	IN_PROGRESS	2026-04-18T18:38:13.053251Z
debtnavigator	3619541537748462447	token1	IN_PROGRESS	2026-04-18T18:38:10.218537Z
equityintelligence	6660337237848742267	token1	COMPLETED	2026-04-18T18:08:03.914748Z
localizationos	13602669080360029185	token3	IN_PROGRESS	2026-04-18T18:38:56.581893Z
procurebot	11203919572712858927	token3	COMPLETED	2026-04-18T18:25:19.702966Z
vendoriq	8102448551928022172	token3	AWAITING_USER_FEEDBACK	2026-04-18T18:39:10.172385Z
runwaymodeler	5599588315957310133	token3	IN_PROGRESS	2026-04-18T18:39:05.201927Z
analyticsbuilder	5596686277710813799	token3	IN_PROGRESS	2026-04-18T18:38:52.948375Z
apievolver	12682694301513901491	token3	IN_PROGRESS	2026-04-18T18:39:07.726695Z
billingai	14301301555309232959	token3	IN_PROGRESS	2026-04-18T18:39:04.475334Z
creatoranalytics	107862949797907765	token3	COMPLETED	2026-04-18T18:34:04.954082Z
datacatalogai	13528888444048488929	token3	IN_PROGRESS	2026-04-18T18:38:21.481524Z
hiresignal	13132581818945273213	token3	IN_PROGRESS	2026-04-18T18:38:58.178402Z
interviewos	16450554575545243877	token3	IN_PROGRESS	2026-04-18T18:39:09.015519Z
onboardflow	2701662292157094768	token3	IN_PROGRESS	2026-04-18T18:38:59.681308Z
peopleanalytics	17682853655436853243	token3	COMPLETED	2026-04-18T18:33:48.841135Z
retentionsignal	13642470965433378986	token3	IN_PROGRESS	2026-04-18T18:39:06.921656Z
datagovernanceos	5409177579184119892	token3	IN_PROGRESS	2026-04-18T18:39:05.734425Z
